Id,Pawpularity
4128bae22183829d2b5fea10effdb0c3,39.748592779762326
43a2262d7738e3d420d453815151079e,39.84416414022082
4e429cead1848a298432a0acad014c9d,39.77975944653892
80bc3ccafcc51b66303c2c263aa38486,39.59842242551937
8f49844c382931444e68dffbe20228f4,39.74128984560634
b03f7041962238a7c9d6537e22f9b017,39.764542756481625
c978013571258ed6d4637f6e8cc9d6a3,39.735117915712756
e0de453c1bffc20c22b072b34b54e50f,39.883863655828165
