Id,Pawpularity
4128bae22183829d2b5fea10effdb0c3,37.72803497314453
43a2262d7738e3d420d453815151079e,37.82160186767578
4e429cead1848a298432a0acad014c9d,37.788204193115234
80bc3ccafcc51b66303c2c263aa38486,37.52739715576172
8f49844c382931444e68dffbe20228f4,37.676395416259766
b03f7041962238a7c9d6537e22f9b017,37.732147216796875
c978013571258ed6d4637f6e8cc9d6a3,37.71045684814453
e0de453c1bffc20c22b072b34b54e50f,37.89037322998047
